# Time (s),Acceleration (g)
0.00,-0.001427580
0.02,-0.011012760
0.04,-0.010298970
0.06,-0.008973360
0.08,-0.009687150
0.10,-0.012236400
0.12,-0.014479739
0.14,-0.013052160
0.16,-0.011216700
0.18,-0.008667450
0.20,-0.008667450
0.22,-0.013358070
0.24,-0.017946720
0.26,-0.019782179
0.28,-0.016519140
0.30,-0.014683679
0.32,-0.011012760
0.34,-0.008361540
0.36,-0.004282740
0.38,-0.006730020
0.40,-0.013358070
0.42,-0.019374299
0.44,-0.019986120
0.46,-0.006730020
0.48,0.003059100
0.50,0.014377770
0.52,-0.004996530
0.54,-0.013052160
0.56,-0.014683679
0.58,-0.020699909
0.60,-0.026512199
0.62,-0.033140249
0.64,-0.031202819
0.66,-0.017538840
0.68,-0.020088090
0.70,-0.016621109
0.72,-0.016723079
0.74,-0.006831990
0.76,0.002549250
0.78,0.015295499
0.80,0.024064920
0.82,0.025696440
0.84,0.034261917
0.86,0.047212108
0.88,0.050169239
0.90,0.042725430
0.92,0.036607230
0.94,0.027633869
0.96,0.023962949
0.98,0.034567830
1.00,0.042011639
1.02,0.054044098
1.04,0.065158829
1.06,0.074642034
1.08,0.066484435
1.10,0.061080029
1.12,0.040787999
1.14,0.040787999
1.16,0.006424110
1.18,-0.052514548
1.20,-0.080250384
1.22,-0.061487907
1.24,-0.049353480
1.26,-0.025492499
1.28,-0.006016230
1.30,0.013663979
1.32,0.031406758
1.34,0.050883030
1.36,0.072398697
1.38,0.101460150
1.40,0.124403400
1.42,0.156014090
1.44,0.147856490
1.46,0.118285200
1.48,0.095341947
1.50,0.090957234
1.52,0.094424215
1.54,0.085552829
1.56,0.091874965
1.58,0.101256210
1.60,0.123383700
1.62,0.033446158
1.64,-0.150915590
1.66,-0.211077890
1.68,-0.202920290
1.70,-0.206999090
1.72,-0.185585390
1.74,-0.176408090
1.76,-0.178447490
1.78,-0.178447490
1.80,-0.184565690
1.82,-0.166211090
1.84,-0.137659500
1.86,-0.111147300
1.88,-0.079740534
1.90,-0.043745130
1.92,-0.001733490
1.94,0.036709199
1.96,0.080046447
1.98,0.118285200
2.00,0.163151990
2.02,0.199861190
2.04,0.245747690
2.06,0.278378090
2.08,0.309988790
2.10,0.326303990
2.12,0.348737390
2.14,0.287555390
2.16,0.236570390
2.18,-0.122364000
2.20,-0.241668890
2.22,-0.167230790
2.24,-0.190683890
2.26,-0.112167000
2.28,-0.076783410
2.30,-0.017640809
2.32,0.011522610
2.34,0.054350007
2.36,0.091263147
2.38,0.121344300
2.40,0.179467190
2.42,0.058734716
2.44,-0.268181090
2.46,-0.158053490
2.48,-0.176408090
2.50,-0.102989700
2.52,-0.059040630
2.54,0.024166890
2.56,-0.068319898
2.58,-0.201900590
2.60,-0.167230790
2.62,-0.172329290
2.64,-0.150915590
2.66,-0.125423100
2.68,-0.101970000
2.70,-0.076579466
2.72,-0.053330307
2.74,-0.027633869
2.76,-0.004486680
2.78,0.019170359
2.80,-0.009687150
2.82,-0.044153008
2.84,-0.085450860
2.86,-0.096973465
2.88,-0.073010516
2.90,-0.061080029
2.92,-0.034057980
2.94,-0.011012760
2.96,0.018864449
2.98,0.042827399
3.00,0.068625811
3.02,-0.009891090
3.04,-0.037932839
3.06,-0.004078800
3.08,0.001121670
3.10,0.035077680
3.12,0.057613048
3.14,0.090039510
3.16,0.115226100
3.18,0.138679200
3.20,0.022331429
3.22,0.024574770
3.24,0.069645511
3.26,0.070257329
3.28,0.134600400
3.30,0.137659500
3.32,0.208018790
3.34,-0.094934065
3.36,-0.133580700
3.38,-0.070563234
3.40,-0.055675617
3.42,0.007341840
3.44,0.068829748
3.46,-0.109107900
3.48,-0.151935290
3.50,-0.109107900
3.52,-0.118285200
3.54,-0.077701134
3.56,-0.057001230
3.58,-0.021923549
3.60,-0.012848220
3.62,-0.068727779
3.64,-0.033038280
3.66,-0.034363890
3.68,-0.011114729
3.70,0.001733490
3.72,0.030489029
3.74,0.049761357
3.76,0.061997757
3.78,0.022637340
3.80,-0.003263040
3.82,-0.024982649
3.84,0.007851690
3.86,0.021515670
3.88,0.057918957
3.90,0.084227216
3.92,0.123383700
3.94,0.150915590
3.96,0.177427790
3.98,0.042929367
4.00,0.002957130
4.02,0.026410229
4.04,0.029877208
4.06,-0.005608350
4.08,-0.014989589
4.10,0.014581710
4.12,0.021005820
4.14,0.050883030
4.16,0.065770648
4.18,0.097585284
4.20,0.115226100
4.22,0.147856490
4.24,0.166211090
4.26,0.198841490
4.28,0.189664190
4.30,0.201900590
4.32,0.180486890
4.34,0.127462500
4.36,-0.123383700
4.38,-0.055267739
4.40,-0.039156480
4.42,-0.031712669
4.44,-0.114206400
4.46,-0.169270190
4.48,-0.250846190
4.50,-0.206999090
4.52,-0.187624790
4.54,-0.134600400
4.56,-0.097891197
4.58,-0.033140249
4.60,0.015703379
4.62,0.083207516
4.64,0.134600400
4.66,0.185585390
4.68,-0.005914260
4.70,-0.017232929
4.72,0.029061449
4.74,0.045580589
4.76,0.100236510
4.78,0.144797390
4.80,0.188644490
4.82,0.250846190
4.84,0.172329290
4.86,-0.140718600
4.88,-0.101868030
4.90,-0.111147300
4.92,-0.092486784
4.94,-0.047823930
4.96,-0.127462500
4.98,-0.215156690
5.00,-0.165191390
5.02,-0.172329290
5.04,-0.133580700
5.06,-0.113186700
5.08,-0.078822810
5.10,-0.052004698
5.12,-0.055471680
5.14,-0.122364000
5.16,-0.123383700
5.18,-0.118285200
5.20,-0.117265500
5.22,-0.073112484
5.24,-0.055675617
5.26,0.006526080
5.28,-0.081983879
5.30,-0.166211090
5.32,-0.087592229
5.34,-0.097993165
5.36,-0.040380117
5.38,-0.014989589
5.40,0.032528428
5.42,0.066076561
5.44,0.089325715
5.46,0.048129839
5.48,0.020190059
5.50,-0.002753190
5.52,0.029775240
5.54,0.045376648
5.56,0.080046447
5.58,0.105029100
5.60,0.137659500
5.62,0.164171690
5.64,0.189664190
5.66,0.130521600
5.68,0.065260798
5.70,0.020801879
5.72,0.032018579
5.74,0.038034808
5.76,0.050577117
5.78,0.023962949
5.80,-0.008565479
5.82,-0.017130959
5.84,-0.011522610
5.86,-0.023351129
5.88,-0.025288558
5.90,-0.016009289
5.92,-0.007035930
5.94,0.014989589
5.96,0.038646630
5.98,0.059040630
6.00,0.026002349
6.02,-0.004180770
6.04,-0.043643158
6.06,-0.013562010
6.08,0.009687150
6.10,0.023453099
6.12,-0.013154129
6.14,-0.005098500
6.16,0.008157600
6.18,0.021413699
6.20,0.038748599
6.22,0.052004698
6.24,0.016009289
6.26,-0.003263040
6.28,-0.011318670
6.30,0.000509850
6.32,0.007749720
6.34,0.003568950
6.36,-0.009687150
6.38,-0.003670920
6.40,-0.001631520
6.42,0.003874860
6.44,0.008667450
6.46,-0.005710320
6.48,-0.030998879
6.50,-0.042929367
6.52,-0.024880679
6.54,-0.024064920
6.56,-0.018048690
6.58,-0.013154129
6.60,-0.001835460
6.62,0.020699909
6.64,-0.011012760
6.66,-0.009279270
6.68,-0.003466980
6.70,-0.010808820
6.72,-0.011318670
6.74,-0.010095029
6.76,-0.000203940
6.78,0.007443810
6.80,0.023962949
6.82,0.036199349
6.84,0.071888848
6.86,0.079434629
6.88,0.018762479
6.90,-0.026818108
6.92,-0.012644279
6.94,-0.004282740
6.96,0.016213229
6.98,0.004894560
7.00,-0.022331429
7.02,-0.047619989
7.04,-0.043643158
7.06,-0.022025520
7.08,-0.004384710
7.10,0.016213229
7.12,0.032630399
7.14,0.042725430
7.16,0.012542310
7.18,-0.016315199
7.20,-0.020801879
7.22,-0.008361540
7.24,-0.021005820
7.26,-0.013969889
7.28,-0.005608350
7.30,0.005404410
7.32,0.013663979
7.34,0.027124019
7.36,0.023657040
7.38,0.008055630
7.40,-0.000815760
7.42,0.020393999
7.44,0.044356948
7.46,0.050169239
7.48,0.019476270
7.50,0.009381240
7.52,-0.002243340
7.54,-0.002141370
7.56,0.005302440
7.58,0.009483210
7.60,0.026002349
7.62,0.037524958
7.64,0.053534248
7.66,0.055165767
7.68,0.043337248
7.70,0.040584058
7.72,0.057001230
7.74,0.077089316
7.76,0.037219049
7.78,0.041909667
7.80,0.009993060
7.82,-0.020801879
7.84,-0.025390529
7.86,-0.041297849
7.88,-0.042113608
7.90,-0.048027867
7.92,-0.044153008
7.94,-0.046702258
7.96,-0.005812290
7.98,0.018150659
8.00,-0.021209758
8.02,-0.050169239
8.04,-0.054044098
8.06,-0.036913139
8.08,-0.041297849
8.10,-0.031406758
8.12,-0.032222519
8.14,-0.027022049
8.16,-0.027022049
8.18,-0.027429929
8.20,-0.035179649
8.22,-0.031508729
8.24,-0.022127490
8.26,-0.007953660
8.28,0.008871390
8.30,0.028653569
8.32,0.031610699
8.34,0.036505258
8.36,0.034771767
8.38,0.036505258
8.40,0.029265390
8.42,0.031100849
8.44,0.011420639
8.46,0.021821579
8.48,0.013867920
8.50,0.039156480
8.52,-0.087796165
8.54,-0.137659500
8.56,-0.136639800
8.58,-0.137659500
8.60,-0.121344300
8.62,-0.106048800
8.64,-0.084533129
8.66,-0.066382466
8.68,-0.045274680
8.70,-0.026308258
8.72,-0.006118200
8.74,-0.009279270
8.76,-0.018558540
8.78,-0.014989589
8.80,0.008667450
8.82,0.016621109
8.84,0.005098500
8.86,0.026920079
8.88,0.059346539
8.90,0.088407984
8.92,0.122364000
8.94,0.173348990
8.96,0.113186700
8.98,-0.112167000
9.00,-0.037321017
9.02,-0.045376648
9.04,-0.024064920
9.06,-0.097891197
9.08,-0.066892316
9.10,-0.060876089
9.12,-0.068319898
9.14,-0.056287439
9.16,-0.002753190
9.18,0.038544658
9.20,0.109107900
9.22,0.170289890
9.24,0.096565584
9.26,0.041603758
9.28,0.068013985
9.30,0.013460039
9.32,-0.009687150
9.34,-0.053024398
9.36,-0.084329184
9.38,-0.117265500
9.40,-0.117265500
9.42,-0.081881910
9.44,-0.037626930
9.46,0.002957130
9.48,0.055573648
9.50,0.120324600
9.52,0.164171690
9.54,-0.027531899
9.56,0.003466980
9.58,-0.005710320
9.60,0.002039400
9.62,0.014887620
9.64,0.054757889
9.66,0.081372060
9.68,-0.020903849
9.70,-0.060162298
9.72,-0.017232929
9.74,-0.017844749
9.76,-0.002855160
9.78,0.007545780
9.80,0.038952539
9.82,0.057816989
9.84,0.076783410
9.86,0.081677966
9.88,0.060366239
9.90,0.030998879
9.92,0.002345310
9.94,0.006526080
9.96,-0.041399817
9.98,-0.045988467
10.00,-0.008055630
10.02,0.017130959
10.04,0.057816989
10.06,0.009483210
10.08,-0.005608350
10.10,0.004486680
10.12,-0.012542310
10.14,-0.028755540
10.16,-0.044560889
10.18,-0.035893440
10.20,-0.026002349
10.22,-0.011318670
10.24,0.020903849
10.26,0.052922430
10.28,0.087082379
10.30,0.116245800
10.32,0.074744011
10.34,0.024166890
10.36,-0.037524958
10.38,-0.027633869
10.40,-0.022127490
10.42,-0.089019810
10.44,-0.099216810
10.46,-0.060060329
10.48,-0.034261917
10.50,0.007851690
10.52,0.026410229
10.54,0.051800757
10.56,0.036811167
10.58,0.008259570
10.60,-0.005710320
10.62,-0.021311729
10.64,-0.032324490
10.66,-0.024268858
10.68,-0.038340717
10.70,-0.056083498
10.72,-0.073622334
10.74,-0.081881910
10.76,-0.053330307
10.78,-0.034669799
10.80,-0.001121670
10.82,0.006628050
10.84,-0.003772890
10.86,-0.000509850
10.88,-0.017130959
10.90,-0.041807699
10.92,-0.008157600
10.94,0.008055630
10.96,0.038136780
10.98,0.062711548
11.00,0.067810048
11.02,0.025900379
11.04,-0.005812290
11.06,-0.048333780
11.08,-0.036301317
11.10,-0.024778708
11.12,-0.004894560
11.14,0.012848220
11.16,0.038646630
11.18,0.024574770
11.20,-0.023147190
11.22,-0.043643158
11.24,-0.069237629
11.26,-0.067402166
11.28,-0.060162298
11.30,-0.052310607
11.32,-0.041603758
11.34,-0.031508729
11.36,-0.027124019
11.38,-0.055165767
11.40,-0.064037157
11.42,-0.092588760
11.44,-0.113186700
11.46,-0.089835565
11.48,-0.078516897
11.50,-0.059346539
11.52,-0.048231808
11.54,-0.033956008
11.56,-0.020292029
11.58,0.002039400
11.60,0.021515670
11.62,0.044051039
11.64,0.062507607
11.66,0.078210984
11.68,0.095138010
11.70,0.109107900
11.72,0.115226100
11.74,0.121344300
11.76,0.127462500
11.78,0.135620100
11.80,0.162132290
11.82,0.183545990
11.84,0.208018790
11.86,0.126442800
11.88,0.045070739
11.90,-0.014275800
11.92,-0.067912016
11.94,-0.056593348
11.96,-0.070665211
11.98,-0.100338480
12.00,-0.127462500
12.02,-0.120324600
12.04,-0.107068500
12.06,-0.093812397
12.08,-0.075763710
12.10,-0.082493729
12.12,-0.086674497
12.14,-0.087694197
12.16,-0.088000110
12.18,-0.089019810
12.20,-0.088509960
12.22,-0.090243447
12.24,-0.054757889
12.26,0.005302440
12.28,0.021923549
12.30,0.024982649
12.32,0.059142598
12.34,0.032018579
12.36,0.024064920
12.38,0.049455448
12.40,0.060060329
12.42,0.053534248
12.44,0.036199349
12.46,0.020088090
12.48,0.020292029
12.50,0.050169239
12.52,0.034975708
12.54,0.029367358
12.56,0.044051039
12.58,0.024370829
12.60,0.008973360
12.62,0.007851690
12.64,-0.015091560
12.66,-0.007851690
12.68,-0.001937430
12.70,0.007647750
12.72,0.004486680
12.74,-0.014785649
12.76,-0.032222519
12.78,-0.024574770
12.80,-0.002855160
12.82,0.018558540
12.84,0.043439217
12.86,0.044764830
12.88,0.052208639
12.90,0.047518017
12.92,0.048843630
12.94,0.019680209
12.96,0.022637340
12.98,0.027939779
13.00,0.040074208
13.02,0.051392880
13.04,0.058836689
13.06,0.059958357
13.08,0.083819334
13.10,0.081270084
13.12,0.096769528
13.14,0.035179649
13.16,0.004588650
13.18,-0.012542310
13.20,-0.035383590
13.22,-0.043439217
13.24,-0.042419517
13.26,-0.028041749
13.28,-0.027531899
13.30,0.007545780
13.32,0.043643158
13.34,-0.023555070
13.36,-0.039462389
13.38,-0.008463510
13.40,0.014173829
13.42,0.045376648
13.44,0.002753190
13.46,-0.071073084
13.48,-0.081168116
13.50,-0.025594470
13.52,-0.013765950
13.54,0.008055630
13.56,-0.011726550
13.58,-0.025594470
13.60,-0.033956008
13.62,-0.027429929
13.64,-0.030692969
13.66,-0.020393999
13.68,-0.006831990
13.70,-0.003874860
13.72,0.010706850
13.74,0.030183119
13.76,0.035077680
13.78,0.097585284
13.80,0.091569060
13.82,0.018252629
13.84,-0.036913139
13.86,-0.101358180
13.88,-0.082289784
13.90,-0.075865679
13.92,-0.054961830
13.94,-0.033650099
13.96,-0.013052160
13.98,0.003161070
14.00,0.015091560
14.02,0.051800757
14.04,-0.002243340
14.06,-0.049863330
14.08,-0.036505258
14.10,-0.070461266
14.12,-0.052616517
14.14,-0.037830867
14.16,0.008973360
14.18,0.064445039
14.20,0.085756765
14.22,0.130521600
14.24,0.141738300
14.26,0.121344300
14.28,0.076579466
14.30,0.022943249
14.32,-0.008973360
14.34,-0.023147190
14.36,0.007545780
14.38,0.018456570
14.40,0.055471680
14.42,0.040686030
14.44,0.004588650
14.46,-0.008361540
14.48,-0.018864449
14.50,-0.002039400
14.52,0.000611820
14.54,-0.011930489
14.56,-0.021413699
14.58,-0.030896908
14.60,-0.052208639
14.62,-0.074132184
14.64,-0.059040630
14.66,-0.027124019
14.68,-0.018150659
14.70,0.004078800
14.72,0.009993060
14.74,0.013969889
14.76,0.022535370
14.78,0.044560889
14.80,0.009279270
14.82,-0.055879557
14.84,-0.056593348
14.86,-0.024778708
14.88,-0.008259570
14.90,0.025492499
14.92,0.041807699
14.94,0.018558540
14.96,-0.002753190
14.98,-0.024778708
15.00,-0.001529550
15.02,0.025186590
15.04,0.049149539
15.06,0.079842510
15.08,0.063425339
15.10,0.033752067
15.12,-0.001427580
15.14,-0.019884149
15.16,-0.025186590
15.18,-0.021617640
15.20,-0.011216700
15.22,0.005098500
15.24,0.024574770
15.26,-0.003466980
15.28,-0.022025520
15.30,-0.048027867
15.32,-0.037015108
15.34,-0.019884149
15.36,-0.001835460
15.38,0.017334899
15.40,-0.008157600
15.42,0.000509850
15.44,0.023453099
15.46,0.038136780
15.48,0.061283966
15.50,0.052616517
15.52,0.044051039
15.54,0.035077680
15.56,0.051494848
15.58,0.066586411
15.60,0.069645511
15.62,0.017538840
15.64,-0.017334899
15.66,-0.053738189
15.68,-0.067708079
15.70,-0.039462389
15.72,-0.022637340
15.74,-0.003365010
15.76,0.012134429
15.78,-0.013052160
15.80,-0.035791467
15.82,-0.052412580
15.84,-0.034159949
15.86,-0.022229458
15.88,-0.001223640
15.90,0.014479739
15.92,0.007137900
15.94,-0.006424110
15.96,-0.012236400
15.98,-0.032834340
16.00,-0.035281617
16.02,-0.009279270
16.04,0.007443810
16.06,0.031508729
16.08,0.048129839
16.10,0.061487907
16.12,0.058734716
16.14,0.033650099
16.16,-0.007443810
16.18,-0.079230684
16.20,-0.061997757
16.22,-0.044662858
16.24,-0.021311729
16.26,0.003161070
16.28,0.035689499
16.30,0.029877208
16.32,0.012338370
16.34,0.034465858
16.36,0.032324490
16.38,0.025900379
16.40,0.021005820
16.42,0.020190059
16.44,0.017742779
16.46,0.002141370
16.48,-0.014683679
16.50,-0.034975708
16.52,-0.034567830
16.54,-0.014785649
16.56,-0.002855160
16.58,0.017334899
16.60,-0.009789120
16.62,-0.026002349
16.64,-0.028449629
16.66,-0.039564358
16.68,-0.024676740
16.70,-0.021923549
16.72,-0.018558540
16.74,-0.017742779
16.76,-0.003874860
16.78,-0.002753190
16.80,-0.018864449
16.82,-0.012542310
16.84,0.008871390
16.86,0.034975708
16.88,0.070869148
16.90,0.092792697
16.92,0.086980410
16.94,0.077497197
16.96,0.052310607
16.98,0.018966420
17.00,0.001529550
17.02,-0.019374299
17.04,-0.015397470
17.06,-0.007443810
17.08,0.002141370
17.10,0.013154129
17.12,0.021923549
17.14,0.002447280
17.16,-0.012644279
17.18,-0.033548130
17.20,-0.052922430
17.22,-0.072194761
17.24,-0.059040630
17.26,-0.047110139
17.28,-0.031304790
17.30,-0.014785649
17.32,-0.000917730
17.34,-0.018354599
17.36,-0.032426458
17.38,-0.047416048
17.40,-0.039870267
17.42,-0.035179649
17.44,-0.032222519
17.46,-0.044356948
17.48,-0.050067267
17.50,-0.048435748
17.52,-0.042827399
17.54,-0.036811167
17.56,-0.028245690
17.58,-0.026308258
17.60,-0.014173829
17.62,-0.006933960
17.64,0.051698789
17.66,0.073622334
17.68,0.089529660
17.70,0.079740534
17.72,0.078007047
17.74,0.044764830
17.76,0.008157600
17.78,0.001325610
17.80,-0.012848220
17.82,-0.001529550
17.84,0.003059100
17.86,0.010604879
17.88,0.010604879
17.90,0.019680209
17.92,0.020903849
17.94,0.007545780
17.96,-0.005710320
17.98,-0.007341840
18.00,0.007137900
18.02,0.010808820
18.04,0.014989589
18.06,-0.000917730
18.08,-0.016213229
18.10,-0.019068390
18.12,-0.000713790
18.14,0.015805349
18.16,0.010706850
18.18,-0.011726550
18.20,-0.030794940
18.22,-0.031508729
18.24,-0.009687150
18.26,-0.005914260
18.28,0.000407880
18.30,0.002039400
18.32,0.005098500
18.34,0.005812290
18.36,0.009891090
18.38,0.013663979
18.40,0.018048690
18.42,0.022229458
18.44,0.026614169
18.46,0.030794940
18.48,0.035281617
18.50,0.039360417
18.52,0.048333780
18.54,0.040074208
18.56,0.024268858
18.58,0.011726550
18.60,-0.008055630
18.62,-0.012644279
18.64,0.005506380
18.66,0.002753190
18.68,-0.025492499
18.70,-0.057715016
18.72,-0.064241098
18.74,-0.060264266
18.76,-0.042113608
18.78,-0.006933960
18.80,0.027735840
18.82,0.028245690
18.84,-0.002141370
18.86,-0.006118200
18.88,-0.011216700
18.90,-0.022535370
18.92,-0.042419517
18.94,-0.052922430
18.96,-0.022637340
18.98,0.003059100
19.00,0.008055630
19.02,0.014173829
19.04,0.017436870
19.06,0.025798408
19.08,0.032936308
19.10,0.039870267
19.12,0.016723079
19.14,-0.013867920
19.16,-0.032936308
19.18,-0.029673269
19.20,-0.029265390
19.22,-0.030998879
19.24,-0.034567830
19.26,-0.024982649
19.28,-0.007749720
19.30,0.012746250
19.32,0.038340717
19.34,0.040991939
19.36,0.024982649
19.38,0.015907320
19.40,-0.004078800
19.42,-0.015601410
19.44,-0.029469329
19.46,-0.032222519
19.48,-0.011318670
19.50,0.009585179
19.52,0.034159949
19.54,0.058734716
19.56,0.043235280
19.58,0.014581710
19.60,-0.000713790
19.62,-0.013765950
19.64,-0.027531899
19.66,-0.034771767
19.68,-0.036403290
19.70,-0.040380117
19.72,-0.040991939
19.74,-0.049761357
19.76,-0.048945598
19.78,-0.041399817
19.80,-0.041501789
19.82,-0.035791467
19.84,-0.019068390
19.86,-0.005812290
19.88,0.004486680
19.90,-0.001937430
19.92,-0.007341840
19.94,-0.017232929
19.96,-0.011726550
19.98,0.012848220
20.00,0.036505258
20.02,0.066688379
20.04,0.073010516
20.06,0.077701134
20.08,0.075355829
20.10,0.064037157
20.12,0.049353480
20.14,0.026920079
20.16,-0.004486680
20.18,-0.029367358
20.20,-0.039156480
20.22,-0.050169239
20.24,-0.043643158
20.26,-0.042419517
20.28,-0.028143719
20.30,-0.005302440
20.32,0.024166890
20.34,0.043439217
20.36,0.061589879
20.38,0.046090439
20.40,0.028959479
20.42,0.012848220
20.44,-0.005506380
20.46,-0.028041749
20.48,-0.043133308
20.50,-0.017844749
20.52,0.000101970
20.54,0.025900379
20.56,0.049047567
20.58,0.065362766
20.60,0.056491380
20.62,0.042113608
20.64,0.018762479
20.66,-0.004894560
20.68,-0.030896908
20.70,-0.054146067
20.72,-0.072194761
20.74,-0.094628160
20.76,-0.088000110
20.78,-0.064343066
20.80,-0.038340717
20.82,0.008871390
20.84,0.031508729
20.86,0.060060329
20.88,0.062609579
20.90,0.039258449
20.92,0.035791467
20.94,0.031712669
20.96,0.025084620
20.98,0.001937430
21.00,-0.020190059
21.02,-0.016111260
21.04,-0.001529550
21.06,0.010095029
21.08,0.029163419
21.10,0.041603758
21.12,0.057409107
21.14,0.054146067
21.16,0.032018579
21.18,0.016825049
21.20,-0.002447280
21.22,-0.019272329
21.24,-0.028143719
21.26,-0.037830867
21.28,-0.045886498
21.30,-0.054451980
21.32,-0.049251508
21.34,-0.038646630
21.36,-0.030183119
21.38,-0.019986120
21.40,-0.018762479
21.42,-0.016213229
21.44,-0.012134429
21.46,-0.005404410
21.48,0.000203940
21.50,0.006016230
21.52,-0.002345310
21.54,-0.011420639
21.56,-0.020903849
21.58,-0.032834340
21.60,-0.039564358
21.62,-0.034771767
21.64,-0.029265390
21.66,-0.033446158
21.68,-0.041501789
21.70,-0.049659389
21.72,-0.057409107
21.74,-0.065668679
21.76,-0.056593348
21.78,-0.045478617
21.80,-0.000815760
21.82,0.025798408
21.84,0.041909667
21.86,0.065668679
21.88,0.059040630
21.90,0.048333780
21.92,0.039156480
21.94,0.039258449
21.96,0.034669799
21.98,0.036403290
22.00,0.000815760
22.02,-0.025900379
22.04,-0.046906198
22.06,-0.048027867
22.08,-0.022637340
22.10,-0.006628050
22.12,0.016723079
22.14,0.036199349
22.16,0.051392880
22.18,0.037830867
22.20,0.028551599
22.22,0.016111260
22.24,0.004180770
22.26,-0.002753190
22.28,0.002141370
22.30,0.004486680
22.32,0.010095029
22.34,0.013765950
22.36,0.009585179
22.38,0.005914260
22.40,0.002243340
22.42,-0.003161070
22.44,-0.003161070
22.46,0.000407880
22.48,-0.002549250
22.50,-0.012644279
22.52,-0.023962949
22.54,-0.041399817
22.56,-0.054044098
22.58,-0.071480966
22.60,-0.032936308
22.62,-0.005302440
22.64,0.009585179
22.66,0.033446158
22.68,0.048741658
22.70,0.051902730
22.72,0.036505258
22.74,0.034873740
22.76,0.031202819
22.78,0.029061449
22.80,0.026818108
22.82,0.017130959
22.84,-0.000509850
22.86,-0.021617640
22.88,-0.037219049
22.90,-0.031610699
22.92,-0.030285090
22.94,-0.028551599
22.96,-0.024166890
22.98,-0.027124019
23.00,-0.031406758
23.02,-0.037321017
23.04,-0.036403290
23.06,-0.031406758
23.08,-0.019680209
23.10,0.001937430
23.12,0.019986120
23.14,0.016315199
23.16,0.013154129
23.18,0.014275800
23.20,0.011216700
23.22,0.011012760
23.24,0.009381240
23.26,0.009075329
23.28,0.001937430
23.30,-0.013358070
23.32,-0.025186590
23.34,-0.044458917
23.36,-0.044051039
23.38,-0.030590999
23.40,-0.019578240
23.42,-0.004894560
23.44,0.009891090
23.46,0.017130959
23.48,0.015091560
23.50,0.017640809
23.52,0.007953660
23.54,-0.005914260
23.56,-0.021923549
23.58,-0.023860979
23.60,0.006118200
23.62,0.026716140
23.64,0.027429929
23.66,0.008565479
23.68,-0.004180770
23.70,-0.023147190
23.72,-0.007749720
23.74,0.003161070
23.76,0.018558540
23.78,0.031610699
23.80,0.048843630
23.82,0.046804230
23.84,0.016927020
23.86,-0.005914260
23.88,-0.040380117
23.90,-0.045274680
23.92,-0.024574770
23.94,-0.010298970
23.96,0.022127490
23.98,0.026614169
24.00,0.012338370
24.02,0.000815760
24.04,-0.017130959
24.06,-0.038952539
24.08,-0.057715016
24.10,-0.079638566
24.12,-0.063119429
24.14,-0.026104319
24.16,0.004486680
24.18,0.046498317
24.20,0.079842510
24.22,0.112167000
24.24,0.097177410
24.26,0.049863330
24.28,0.012440339
24.30,-0.039462389
24.32,-0.086266615
24.34,-0.125423100
24.36,-0.088102079
24.38,-0.062813516
24.40,-0.023249158
24.42,0.015295499
24.44,0.048639689
24.46,0.032936308
24.48,0.025288558
24.50,0.009687150
24.52,0.023147190
24.54,0.034465858
24.56,0.051494848
24.58,0.060570179
24.60,0.052922430
24.62,0.056287439
24.64,0.060672148
24.66,0.062915489
24.68,0.060468207
24.70,0.047518017
24.72,0.016111260
24.74,-0.007851690
24.76,-0.023453099
24.78,-0.030896908
24.80,-0.033548130
24.82,-0.037117080
24.84,-0.049965298
24.86,-0.067300198
24.88,-0.073724311
24.90,-0.079944479
24.92,-0.086266615
24.94,-0.057715016
24.96,-0.021311729
24.98,0.013052160
25.00,0.038850567
25.02,0.049761357
25.04,0.037015108
25.06,0.025492499
25.08,0.016111260
25.10,0.038442689
25.12,0.060570179
25.14,0.064241098
25.16,0.037728899
25.18,0.022127490
25.20,0.004078800
25.22,0.002345310
25.24,-0.006322140
25.26,-0.029163419
25.28,-0.038748599
25.30,-0.046600289
25.32,-0.051494848
25.34,-0.079230684
25.36,-0.064037157
25.38,-0.019272329
25.40,0.019272329
25.42,0.051902730
25.44,0.075865679
25.46,0.076375529
25.48,0.057307139
25.50,0.046396348
25.52,0.053534248
25.54,0.064750948
25.56,0.074540066
25.58,0.086776465
25.60,0.094526184
25.62,0.099420747
25.64,0.094730128
25.66,0.083003579
25.68,0.026920079
25.70,-0.029469329
25.72,-0.091874965
25.74,-0.138679200
25.76,-0.087592229
25.78,-0.047721958
25.80,0.008259570
25.82,0.060570179
25.84,0.083921310
25.86,0.056695316
25.88,0.030692969
25.90,-0.001121670
25.92,-0.038748599
25.94,-0.035383590
25.96,-0.002039400
25.98,0.018354599
26.00,0.064547007
26.02,0.102989700
26.04,0.114206400
26.06,0.113186700
26.08,0.095851797
26.10,0.082085847
26.12,0.061997757
26.14,0.051800757
26.16,0.021005820
26.18,-0.020495970
26.20,-0.058326839
26.22,-0.104009400
26.24,-0.135620100
26.26,-0.125423100
26.28,-0.123383700
26.30,-0.102989700
26.32,-0.077701134
26.34,-0.055879557
26.36,-0.049863330
26.38,-0.041297849
26.40,-0.029673269
26.42,-0.017946720
26.44,-0.014377770
26.46,-0.009993060
26.48,-0.005098500
26.50,0.001937430
26.52,0.008157600
26.54,0.003568950
26.56,-0.002957130
26.58,-0.006220170
26.60,-0.003466980
26.62,-0.001325610
26.64,0.007749720
26.66,0.020903849
26.68,0.033344190
26.70,0.045886498
26.72,0.058836689
26.74,0.057307139
26.76,0.047314080
26.78,0.030590999
26.80,0.010910789
26.82,-0.000407880
26.84,-0.003365010
26.86,-0.007035930
26.88,-0.010298970
26.90,-0.020495970
26.92,-0.019170359
26.94,0.002549250
26.96,0.013663979
26.98,0.024778708
27.00,0.027124019
27.02,0.027022049
27.04,0.015805349
27.06,-0.001937430
27.08,-0.009687150
27.10,-0.022025520
27.12,-0.017028990
27.14,-0.012236400
27.16,-0.006526080
27.18,-0.013154129
27.20,-0.016621109
27.22,-0.019680209
27.24,-0.024676740
27.26,-0.024064920
27.28,-0.017844749
27.30,-0.012644279
27.32,-0.018864449
27.34,-0.027022049
27.36,-0.032936308
27.38,-0.034261917
27.40,-0.046294380
27.42,-0.043847098
27.44,-0.034057980
27.46,-0.021719608
27.48,-0.007035930
27.50,0.003059100
27.52,0.000305910
27.54,-0.009483210
27.56,-0.009075329
27.58,-0.015295499
27.60,-0.016723079
27.62,-0.024268858
27.64,-0.032936308
27.66,-0.042929367
27.68,-0.046600289
27.70,-0.040482089
27.72,-0.035587530
27.74,-0.026308258
27.76,-0.017538840
27.78,-0.002039400
27.80,0.015907320
27.82,0.028959479
27.84,0.036913139
27.86,0.036097380
27.88,0.027429929
27.90,0.010298970
27.92,-0.004588650
27.94,-0.012746250
27.96,-0.024982649
27.98,-0.023351129
28.00,-0.012848220
28.02,-0.006933960
28.04,0.001835460
28.06,0.009483210
28.08,0.020393999
28.10,0.029163419
28.12,0.037219049
28.14,0.031712669
28.16,0.018456570
28.18,0.002447280
28.20,-0.015907320
28.22,-0.032528428
28.24,-0.022331429
28.26,-0.012032460
28.28,0.001529550
28.30,0.015601410
28.32,0.030387058
28.34,0.024778708
28.36,0.013867920
28.38,0.010400939
28.40,0.002447280
28.42,-0.001019700
28.44,-0.002345310
28.46,-0.003670920
28.48,-0.004894560
28.50,-0.009075329
28.52,-0.015805349
28.54,-0.015091560
28.56,-0.007749720
28.58,0.000000000
28.60,-0.002039400
28.62,-0.015091560
28.64,-0.022943249
28.66,-0.038136780
28.68,-0.037219049
28.70,-0.025594470
28.72,-0.016723079
28.74,-0.001427580
28.76,0.015601410
28.78,0.030794940
28.80,0.040074208
28.82,0.041399817
28.84,0.039258449
28.86,0.033548130
28.88,0.018660509
28.90,0.012746250
28.92,0.007137900
28.94,-0.000101970
28.96,-0.006933960
28.98,-0.013256100
29.00,-0.013052160
29.02,-0.011726550
29.04,-0.010400939
29.06,-0.008565479
29.08,-0.014377770
29.10,-0.020903849
29.12,-0.027429929
29.14,-0.035689499
29.16,-0.036607230
29.18,-0.030285090
29.20,-0.023147190
29.22,0.001835460
29.24,0.010095029
29.26,0.020699909
29.28,0.026104319
29.30,0.020292029
29.32,0.016315199
29.34,0.010910789
29.36,0.015907320
29.38,0.020190059
29.40,0.024676740
29.42,0.014377770
29.44,0.005608350
29.46,-0.006730020
29.48,-0.009891090
29.50,-0.002651220
29.52,0.001631520
29.54,0.010197000
29.56,0.009585179
29.58,0.003976830
29.60,0.000000000
29.62,-0.006730020
29.64,-0.010095029
29.66,-0.011114729
29.68,-0.011726550
29.70,-0.013358070
29.72,-0.017130959
29.74,-0.020292029
29.76,-0.010604879
29.78,-0.001019700
29.80,0.005608350
29.82,0.013154129
29.84,0.020393999
29.86,0.020292029
29.88,0.017232929
29.90,0.014581710
29.92,0.011114729
29.94,0.013052160
29.96,0.015499439
29.98,0.013969889
30.00,0.011930489
30.02,0.009891090
30.04,0.006118200
30.06,-0.002855160
30.08,-0.005098500
30.10,-0.008565479
30.12,-0.018150659
30.14,-0.032732367
30.16,-0.042827399
30.18,-0.052820457
30.20,-0.048129839
30.22,-0.040176180
30.24,-0.029571299
30.26,-0.011216700
30.28,0.005098500
30.30,0.013460039
30.32,0.016009289
30.34,0.018048690
30.36,0.019884149
30.38,0.026002349
30.40,0.033752067
30.42,0.033446158
30.44,0.025696440
30.46,0.017640809
30.48,0.004588650
30.50,-0.008667450
30.52,-0.019374299
30.54,-0.023351129
30.56,-0.030998879
30.58,-0.028245690
30.60,-0.023147190
30.62,-0.017742779
30.64,-0.012338370
30.66,-0.012848220
30.68,-0.013154129
30.70,-0.008157600
30.72,-0.002651220
30.74,0.003976830
30.76,0.006628050
30.78,0.005608350
30.80,0.005098500
30.82,0.006526080
30.84,0.012848220
30.86,0.018252629
30.88,0.024778708
30.90,0.031304790
30.92,0.030387058
30.94,0.025594470
30.96,0.022025520
30.98,0.016621109
31.00,0.019578240
31.02,0.023860979
31.04,0.028755540
31.06,0.030692969
31.08,0.019986120
31.10,0.010808820
31.12,-0.003976830
31.14,-0.016621109
31.16,-0.032834340
31.18,-0.034159949
31.20,-0.022331429
31.22,-0.015091560
31.24,-0.001019700
31.26,0.001121670
31.28,-0.005404410
31.30,-0.010298970
31.32,-0.012848220
31.34,-0.014581710
31.36,-0.013154129
31.38,-0.010604879
31.40,-0.007239870
31.42,-0.001835460
31.44,0.003365010
31.46,0.008667450
31.48,0.016111260
31.50,0.024370829
31.52,0.032528428
31.54,0.034771767
31.56,0.032426458
31.58,0.021719608
31.60,0.007443810
31.62,0.000917730
31.64,-0.001529550
31.66,-0.004792590
31.68,-0.007647750
31.70,-0.012338370
31.72,-0.015907320
31.74,-0.011828520
31.76,-0.005710320
31.78,-0.000611820
31.80,-0.000305910
31.82,-0.000305910
31.84,0.001427580
31.86,0.004690620
31.88,0.007341840
31.90,0.008769420
31.92,0.009993060
31.94,0.012644279
31.96,0.014989589
31.98,0.017538840
32.00,0.020393999
32.02,0.026104319
32.04,0.032324490
32.06,0.029265390
32.08,0.023555070
32.10,0.010706850
32.12,-0.000101970
32.14,-0.001121670
32.16,-0.003670920
32.18,-0.005404410
32.20,-0.008463510
32.22,-0.005302440
32.24,-0.000713790
32.26,0.003772890
32.28,0.009789120
32.30,0.015805349
32.32,0.020903849
32.34,0.014581710
32.36,0.007443810
32.38,0.002141370
32.40,-0.002243340
32.42,-0.007137900
32.44,-0.010197000
32.46,-0.007647750
32.48,-0.005506380
32.50,-0.002957130
32.52,-0.001529550
32.54,0.000000000
32.56,-0.000101970
32.58,-0.000611820
32.60,-0.001121670
32.62,-0.001019700
32.64,-0.000305910
32.66,0.000101970
32.68,0.001631520
32.70,0.005404410
32.72,0.008769420
32.74,0.012848220
32.76,0.015703379
32.78,0.013358070
32.80,0.010400939
32.82,0.005710320
32.84,0.000611820
32.86,-0.004078800
32.88,-0.009993060
32.90,-0.009789120
32.92,-0.004690620
32.94,-0.000713790
32.96,0.003161070
32.98,0.004588650
33.00,0.006933960
33.02,0.005302440
33.04,0.004588650
33.06,0.001835460
33.08,-0.000203940
33.10,-0.002957130
33.12,-0.002855160
33.14,-0.001733490
33.16,-0.000611820
33.18,-0.000509850
33.20,-0.001733490
33.22,-0.002243340
33.24,-0.003670920
33.26,-0.003263040
33.28,-0.000713790
33.30,0.001427580
33.32,0.004180770
33.34,0.006628050
33.36,0.006424110
33.38,0.005302440
33.40,0.000611820
33.42,-0.004588650
33.44,-0.007749720
33.46,-0.006526080
33.48,-0.006628050
33.50,-0.010910789
33.52,-0.016417170
33.54,-0.017742779
33.56,-0.011930489
33.58,-0.007137900
33.60,-0.003670920
33.62,-0.002549250
33.64,-0.000203940
33.66,0.000407880
33.68,0.003670920
33.70,0.008361540
33.72,0.011726550
33.74,0.007137900
33.76,0.003874860
33.78,-0.001019700
33.80,-0.002549250
33.82,-0.003466980
33.84,-0.004180770
33.86,-0.004588650
33.88,-0.006628050
33.90,-0.012236400
33.92,-0.011930489
33.94,-0.011012760
33.96,-0.009993060
33.98,-0.008259570
34.00,-0.007749720
34.02,-0.011216700
34.04,-0.014071860
34.06,-0.016927020
34.08,-0.014683679
34.10,-0.013256100
34.12,-0.011318670
34.14,-0.011012760
34.16,-0.009993060
34.18,-0.009993060
34.20,-0.006424110
34.22,-0.000203940
34.24,0.005506380
34.26,0.011216700
34.28,0.015499439
34.30,0.020088090
34.32,0.017334899
34.34,0.014275800
34.36,0.010502910
34.38,0.006526080
34.40,0.001019700
34.42,-0.006831990
34.44,-0.010706850
34.46,-0.012440339
34.48,-0.014071860
34.50,-0.016927020
34.52,-0.021923549
34.54,-0.027429929
34.56,-0.027939779
34.58,-0.022127490
34.60,-0.018150659
34.62,-0.011828520
34.64,-0.006220170
34.66,0.000000000
34.68,0.005506380
34.70,0.010095029
34.72,0.014683679
34.74,0.019068390
34.76,0.023657040
34.78,0.026716140
34.80,0.026002349
34.82,0.023147190
34.84,0.017436870
34.86,0.012950189
34.88,0.005506380
34.90,-0.004792590
34.92,-0.015193529
34.94,-0.021413699
34.96,-0.025900379
34.98,-0.025696440
35.00,-0.024982649
35.02,-0.023045220
35.04,-0.018252629
35.06,-0.013867920
35.08,-0.008361540
35.10,-0.001427580
35.12,0.004486680
35.14,0.009075329
35.16,0.009891090
35.18,0.010197000
35.20,0.010197000
35.22,0.010604879
35.24,0.013867920
35.26,0.012338370
35.28,0.010197000
35.30,0.007341840
35.32,0.001937430
35.34,-0.002855160
35.36,-0.008463510
35.38,-0.013358070
35.40,-0.019374299
35.42,-0.019782179
35.44,-0.014173829
35.46,-0.010197000
35.48,-0.004486680
35.50,-0.004486680
35.52,-0.004078800
35.54,-0.004588650
35.56,-0.004996530
35.58,-0.003976830
35.60,-0.002141370
35.62,-0.002243340
35.64,-0.001631520
35.66,-0.001631520
35.68,-0.001223640
35.70,-0.001223640
35.72,0.002855160
35.74,0.006933960
35.76,0.011726550
35.78,0.009789120
35.80,0.005710320
35.82,0.001733490
35.84,-0.003161070
35.86,-0.007953660
35.88,-0.009381240
35.90,-0.009381240
35.92,-0.009687150
35.94,-0.009381240
35.96,-0.008769420
35.98,-0.005302440
36.00,-0.002243340
36.02,0.001427580
36.04,0.003874860
36.06,0.003466980
36.08,0.003466980
36.10,0.002957130
36.12,0.004078800
36.14,0.005506380
36.16,0.006831990
36.18,0.008667450
36.20,0.008871390
36.22,0.007851690
36.24,0.007137900
36.26,0.006220170
36.28,0.007647750
36.30,0.008871390
36.32,0.010400939
36.34,0.011318670
36.36,0.009177300
36.38,0.007647750
36.40,0.005404410
36.42,0.006322140
36.44,0.008055630
36.46,0.009891090
36.48,0.012032460
36.50,0.013765950
36.52,0.010706850
36.54,0.007851690
36.56,0.004486680
36.58,0.001223640
36.60,-0.002141370
36.62,-0.004282740
36.64,-0.006933960
36.66,-0.008871390
36.68,-0.012236400
36.70,-0.016213229
36.72,-0.020190059
36.74,-0.023759008
36.76,-0.026308258
36.78,-0.027531899
36.80,-0.028347658
36.82,-0.029265390
36.84,-0.028347658
36.86,-0.027531899
36.88,-0.026308258
36.90,-0.025594470
36.92,-0.022331429
36.94,-0.017640809
36.96,-0.013154129
36.98,-0.011114729
37.00,-0.010706850
37.02,-0.009687150
37.04,-0.009279270
37.06,-0.007341840
37.08,-0.006016230
37.10,-0.004078800
37.12,-0.002345310
37.14,0.001835460
37.16,0.003568950
37.18,0.004282740
37.20,0.004894560
37.22,0.004384710
37.24,0.004384710
37.26,0.003874860
37.28,0.003670920
37.30,0.003263040
37.32,0.004792590
37.34,0.006424110
37.36,0.008667450
37.38,0.011216700
37.40,0.013663979
37.42,0.016315199
37.44,0.018456570
37.46,0.017640809
37.48,0.017130959
37.50,0.016213229
37.52,0.014989589
37.54,0.011012760
37.56,0.006933960
37.58,0.003263040
37.60,0.000917730
37.62,0.001937430
37.64,0.002855160
37.66,0.004078800
37.68,0.005506380
37.70,0.007035930
37.72,0.009687150
37.74,0.011930489
37.76,0.014581710
37.78,0.014581710
37.80,0.012746250
37.82,0.012440339
37.84,0.012644279
37.86,0.012848220
37.88,0.013256100
37.90,0.013562010
37.92,0.010808820
37.94,0.008055630
37.96,0.004690620
37.98,0.002039400
38.00,0.000509850
38.02,-0.001121670
38.04,-0.002549250
38.06,-0.001121670
38.08,0.001835460
38.10,0.004384710
38.12,0.007749720
38.14,0.010502910
38.16,0.013562010
38.18,0.010298970
38.20,0.006322140
38.22,0.001835460
38.24,-0.002753190
38.26,-0.008157600
38.28,-0.009075329
38.30,-0.005506380
38.32,-0.003059100
38.34,0.000611820
38.36,0.001223640
38.38,0.002243340
38.40,0.002753190
38.42,0.003263040
38.44,0.004894560
38.46,0.007035930
38.48,0.009075329
38.50,0.011420639
38.52,0.013562010
38.54,0.014275800
38.56,0.013969889
38.58,0.014275800
38.60,0.013765950
38.62,0.014173829
38.64,0.010400939
38.66,0.003059100
38.68,-0.003263040
38.70,-0.006424110
38.72,-0.008667450
38.74,-0.011420639
38.76,-0.016009289
38.78,-0.020088090
38.80,-0.019170359
38.82,-0.018558540
38.84,-0.017334899
38.86,-0.015907320
38.88,-0.014479739
38.90,-0.013154129
38.92,-0.012746250
38.94,-0.012236400
38.96,-0.011828520
38.98,-0.011624579
39.00,-0.010808820
39.02,-0.006526080
39.04,-0.002141370
39.06,0.000203940
39.08,-0.000407880
39.10,-0.000407880
39.12,-0.001427580
39.14,-0.001937430
39.16,-0.000815760
39.18,0.001121670
39.20,0.002753190
39.22,0.005098500
39.24,0.005404410
39.26,0.004282740
39.28,0.003059100
39.30,0.001121670
39.32,-0.000509850
39.34,-0.002447280
39.36,-0.002039400
39.38,-0.000713790
39.40,0.000407880
39.42,0.001937430
39.44,0.003365010
39.46,0.004894560
39.48,0.005812290
39.50,0.006628050
39.52,0.007545780
39.54,0.008259570
39.56,0.009279270
39.58,0.012950189
39.60,0.017232929
39.62,0.014683679
39.64,0.010706850
39.66,0.007137900
39.68,0.003568950
39.70,0.000203940
39.72,-0.003263040
39.74,-0.006526080
39.76,-0.009687150
39.78,-0.009279270
39.80,-0.008463510
39.82,-0.007443810
39.84,-0.005200470
39.86,-0.003059100
39.88,-0.000407880
39.90,0.003365010
39.92,0.005302440
39.94,0.004486680
39.96,0.004078800
39.98,0.003059100
40.00,0.002039400
40.02,0.001019700
40.04,0.000101970
40.06,-0.001019700
40.08,-0.001427580
40.10,0.000203940
40.12,0.001631520
40.14,0.003059100
40.16,0.002345310
40.18,0.001631520
40.20,0.001631520
40.22,0.002651220
40.24,0.003263040
40.26,0.004588650
40.28,0.004690620
40.30,0.002141370
40.32,-0.000305910
40.34,-0.003059100
40.36,-0.006118200
40.38,-0.008871390
40.40,-0.011828520
40.42,-0.010910789
40.44,-0.009585179
40.46,-0.007953660
40.48,-0.006933960
40.50,-0.006424110
40.52,-0.005812290
40.54,-0.005098500
40.56,-0.004180770
40.58,-0.003365010
40.60,-0.002447280
40.62,-0.001427580
40.64,-0.000509850
40.66,0.000407880
40.68,0.001325610
40.70,0.002141370
40.72,0.000101970
40.74,-0.001835460
40.76,-0.004078800
40.78,-0.006526080
40.80,-0.008871390
40.82,-0.011216700
40.84,-0.013154129
40.86,-0.015397470
40.88,-0.016825049
40.90,-0.017742779
40.92,-0.018762479
40.94,-0.019782179
40.96,-0.020597940
40.98,-0.021719608
41.00,-0.020190059
41.02,-0.017640809
41.04,-0.013765950
41.06,-0.006628050
41.08,-0.001427580
41.10,0.002039400
41.12,0.005608350
41.14,0.008361540
41.16,0.009075329
41.18,0.010400939
41.20,0.009483210
41.22,0.008157600
41.24,0.006220170
41.26,0.003365010
41.28,0.000305910
41.30,-0.002447280
41.32,-0.005812290
41.34,-0.004588650
41.36,-0.001325610
41.38,0.001325610
41.40,0.003365010
41.42,0.004894560
41.44,0.005506380
41.46,0.005914260
41.48,0.006322140
41.50,0.006628050
41.52,0.007035930
41.54,0.007341840
41.56,0.007647750
41.58,0.007851690
41.60,0.007443810
41.62,0.007035930
41.64,0.006526080
41.66,0.005914260
41.68,0.005506380
41.70,0.004894560
41.72,0.006220170
41.74,0.008055630
41.76,0.009789120
41.78,0.011624579
41.80,0.012848220
41.82,0.014173829
41.84,0.013358070
41.86,0.012542310
41.88,0.011624579
41.90,0.010502910
41.92,0.008871390
41.94,0.007341840
41.96,0.005710320
41.98,0.004078800
42.00,0.002447280
42.02,0.000713790
42.04,0.000407880
42.06,0.000815760
42.08,0.000917730
42.10,0.002345310
42.12,0.004282740
42.14,0.005302440
42.16,0.006220170
42.18,0.007341840
42.20,0.008055630
42.22,0.009075329
42.24,0.009687150
42.26,0.009687150
42.28,0.009483210
42.30,0.009075329
42.32,0.002549250
42.34,0.000000000
42.36,-0.000509850
42.38,-0.002039400
42.40,-0.002447280
42.42,-0.003365010
42.44,-0.004894560
42.46,-0.006526080
42.48,-0.008157600
42.50,-0.009891090
42.52,-0.011624579
42.54,-0.013052160
42.56,-0.010808820
42.58,-0.009075329
42.60,-0.006730020
42.62,-0.004384710
42.64,-0.001937430
42.66,-0.001121670
42.68,-0.000917730
42.70,-0.000509850
42.72,-0.000407880
42.74,0.000509850
42.76,0.001427580
42.78,0.002447280
42.80,0.003568950
42.82,0.004384710
42.84,0.004486680
42.86,0.003976830
42.88,0.001325610
42.90,-0.000815760
42.92,-0.003670920
42.94,-0.004792590
42.96,-0.005608350
42.98,-0.006322140
43.00,-0.006933960
43.02,-0.007443810
43.04,-0.008157600
43.06,-0.007647750
43.08,-0.006526080
43.10,-0.002855160
43.12,0.000509850
43.14,0.004690620
43.16,0.006628050
43.18,0.006118200
43.20,0.006118200
43.22,0.005506380
43.24,0.004996530
43.26,0.004486680
43.28,0.003976830
43.30,0.002957130
43.32,0.000000000
43.34,-0.002651220
43.36,-0.005302440
43.38,-0.004282740
43.40,-0.003772890
43.42,-0.002549250
43.44,-0.001529550
43.46,-0.000203940
43.48,0.000203940
43.50,0.000000000
43.52,-0.000101970
43.54,-0.000407880
43.56,-0.000713790
43.58,-0.000611820
43.60,-0.000101970
43.62,0.000305910
43.64,0.000713790
43.66,-0.000101970
43.68,-0.000713790
43.70,-0.001529550
43.72,-0.002447280
43.74,-0.002957130
43.76,-0.002855160
43.78,-0.002855160
43.80,-0.002549250
43.82,-0.002447280
43.84,-0.002141370
43.86,-0.002753190
43.88,-0.004486680
43.90,-0.005914260
43.92,-0.007749720
43.94,-0.008565479
43.96,-0.008361540
43.98,-0.008463510
44.00,-0.007647750
44.02,-0.005098500
44.04,-0.002855160
44.06,-0.000203940
44.08,0.001835460
44.10,0.001835460
44.12,0.002141370
44.14,0.002141370
44.16,0.002141370
44.18,0.003161070
44.20,0.004384710
44.22,0.004996530
44.24,0.004996530
44.26,0.004996530
44.28,0.004894560
44.30,0.004792590
44.32,0.005302440
44.34,0.006831990
44.36,0.008055630
44.38,0.009687150
44.40,0.009891090
44.42,0.009789120
44.44,0.009789120
44.46,0.009483210
44.48,0.009279270
44.50,0.009075329
44.52,0.008871390
44.54,0.008565479
44.56,0.008361540
44.58,0.008157600
44.60,0.007851690
44.62,0.006322140
44.64,0.004792590
44.66,0.003568950
44.68,0.003670920
44.70,0.003466980
44.72,0.003568950
44.74,0.003670920
44.76,0.003263040
44.78,0.001937430
44.80,0.001529550
44.82,0.001427580
44.84,0.001223640
44.86,0.001223640
44.88,0.001121670
44.90,0.000000000
44.92,-0.001019700
44.94,-0.002039400
44.96,-0.002549250
44.98,-0.002957130
45.00,-0.003365010
45.02,-0.003772890
45.04,-0.004894560
45.06,-0.006424110
45.08,-0.007851690
45.10,-0.009381240
45.12,-0.010910789
45.14,-0.012440339
45.16,-0.014071860
45.18,-0.014581710
45.20,-0.012236400
45.22,-0.010502910
45.24,-0.007953660
45.26,-0.006831990
45.28,-0.006424110
45.30,-0.005914260
45.32,-0.005710320
45.34,-0.005404410
45.36,-0.005098500
45.38,-0.004894560
45.40,-0.004588650
45.42,-0.004282740
45.44,-0.003976830
45.46,-0.003161070
45.48,-0.002651220
45.50,-0.001121670
45.52,0.001019700
45.54,0.003161070
45.56,0.004690620
45.58,0.004894560
45.60,0.005506380
45.62,0.005608350
45.64,0.006424110
45.66,0.008565479
45.68,0.010298970
45.70,0.008565479
45.72,0.007239870
45.74,0.005404410
45.76,0.003365010
45.78,0.002855160
45.80,0.002957130
45.82,0.002855160
45.84,0.002753190
45.86,0.001223640
45.88,-0.000101970
45.90,-0.001019700
45.92,-0.001121670
45.94,-0.001631520
45.96,-0.001529550
45.98,-0.003161070
46.00,-0.006933960
46.02,-0.010095029
46.04,-0.010400939
46.06,-0.010706850
46.08,-0.010808820
46.10,-0.010095029
46.12,-0.009075329
46.14,-0.008055630
46.16,-0.007545780
46.18,-0.007341840
46.20,-0.006933960
46.22,-0.006831990
46.24,-0.006424110
46.26,-0.004078800
46.28,-0.001325610
46.30,0.001325610
46.32,0.004384710
46.34,0.007239870
46.36,0.010095029
46.38,0.008769420
46.40,0.006424110
46.42,0.004180770
46.44,0.001325610
46.46,-0.001427580
46.48,-0.003568950
46.50,-0.003772890
46.52,-0.004486680
46.54,-0.004690620
46.56,-0.004996530
46.58,-0.005200470
46.60,-0.005506380
46.62,-0.005710320
46.64,-0.005914260
46.66,-0.004690620
46.68,-0.002957130
46.70,-0.001325610
46.72,0.000713790
46.74,0.001733490
46.76,0.001937430
46.78,0.002549250
46.80,0.002549250
46.82,0.003568950
46.84,0.005098500
46.86,0.006526080
46.88,0.008157600
46.90,0.009585179
46.92,0.009891090
46.94,0.010400939
46.96,0.010706850
46.98,0.011012760
47.00,0.011216700
47.02,0.010604879
47.04,0.010095029
47.06,0.009483210
47.08,0.008769420
47.10,0.008055630
47.12,0.007341840
47.14,0.006424110
47.16,0.005608350
47.18,0.004690620
47.20,0.003874860
47.22,0.003161070
47.24,0.002753190
47.26,0.002141370
47.28,0.001733490
47.30,0.001223640
47.32,0.000713790
47.34,0.000305910
47.36,0.000815760
47.38,0.001325610
47.40,0.001937430
47.42,0.002243340
47.44,0.000917730
47.46,-0.000305910
47.48,-0.001733490
47.50,-0.003161070
47.52,-0.004792590
47.54,-0.005404410
47.56,-0.004894560
47.58,-0.004384710
47.60,-0.003874860
47.62,-0.002549250
47.64,-0.000917730
47.66,0.000713790
47.68,0.001733490
47.70,0.002243340
47.72,0.003568950
47.74,0.006220170
47.76,0.008463510
47.78,0.011420639
47.80,0.010910789
47.82,0.008871390
47.84,0.007239870
47.86,0.004792590
47.88,0.002753190
47.90,0.000407880
47.92,-0.001631520
47.94,-0.002447280
47.96,-0.003365010
47.98,-0.004690620
48.00,-0.007035930
48.02,-0.008565479
48.04,-0.008973360
48.06,-0.009483210
48.08,-0.009687150
48.10,-0.009891090
48.12,-0.010095029
48.14,-0.010298970
48.16,-0.010400939
48.18,-0.009993060
48.20,-0.009687150
48.22,-0.009177300
48.24,-0.008871390
48.26,-0.009075329
48.28,-0.009279270
48.30,-0.009483210
48.32,-0.009789120
48.34,-0.009891090
48.36,-0.008973360
48.38,-0.008259570
48.40,-0.007239870
48.42,-0.006933960
48.44,-0.006933960
48.46,-0.006831990
48.48,-0.006831990
48.50,-0.006730020
48.52,-0.006730020
48.54,-0.006526080
48.56,-0.005710320
48.58,-0.005098500
48.60,-0.004384710
48.62,-0.003466980
48.64,-0.002345310
48.66,-0.001325610
48.68,-0.000203940
48.70,0.001019700
48.72,0.001733490
48.74,0.000917730
48.76,0.000305910
48.78,-0.000509850
48.80,-0.001427580
48.82,-0.000713790
48.84,0.000611820
48.86,0.001631520
48.88,0.001325610
48.90,0.001223640
48.92,0.000815760
48.94,0.000509850
48.96,0.000000000
48.98,0.000203940
49.00,0.000917730
49.02,0.001427580
49.04,0.002141370
49.06,0.002243340
49.08,0.001019700
49.10,0.000000000
49.12,-0.001223640
49.14,-0.002447280
49.16,-0.002447280
49.18,-0.001937430
49.20,-0.001631520
49.22,-0.001835460
49.24,-0.002243340
49.26,-0.002753190
49.28,-0.003059100
49.30,-0.002651220
49.32,-0.002243340
49.34,-0.002243340
49.36,-0.003263040
49.38,-0.004180770
49.40,-0.005200470
49.42,-0.004690620
49.44,-0.004384710
49.46,-0.003874860
49.48,-0.003263040
49.50,-0.002651220
49.52,-0.002039400
49.54,-0.001937430
49.56,-0.001835460
49.58,-0.001529550
49.60,0.001325610
49.62,0.004180770
49.64,0.006831990
49.66,0.007137900
49.68,0.007749720
49.70,0.007953660
49.72,0.008157600
49.74,0.008259570
49.76,0.008565479
49.78,0.007953660
49.80,0.006220170
49.82,0.004894560
49.84,0.003161070
49.86,0.002957130
49.88,0.003059100
49.90,0.003263040
49.92,0.003568950
49.94,0.003772890
49.96,0.002447280
49.98,0.000713790
50.00,-0.000815760
50.02,-0.002855160
50.04,-0.003568950
50.06,-0.002243340
50.08,-0.001325610
50.10,0.000101970
50.12,0.000305910
50.14,0.000101970
50.16,-0.000101970
50.18,-0.000509850
50.20,-0.000815760
50.22,-0.001121670
50.24,-0.001529550
50.26,-0.001223640
50.28,-0.000815760
50.30,-0.000407880
50.32,0.000101970
50.34,0.000509850
50.36,0.000815760
50.38,0.000815760
50.40,0.000917730
50.42,0.001019700
50.44,0.002243340
50.46,0.003365010
50.48,0.004690620
50.50,0.006016230
50.52,0.007341840
50.54,0.008055630
50.56,0.006322140
50.58,0.005098500
50.60,0.003263040
50.62,0.001631520
50.64,-0.000407880
50.66,0.000000000
50.68,0.003059100
50.70,0.005302440
50.72,0.008871390
50.74,0.008361540
50.76,0.003161070
50.78,-0.000203940
50.80,-0.006322140
50.82,-0.002855160
50.84,0.005914260
50.86,0.013256100
50.88,0.022535370
50.90,0.018864449
50.92,0.009585179
50.94,0.009279270
50.96,0.007851690
50.98,0.009177300
51.00,0.001631520
51.02,-0.008565479
51.04,-0.020393999
51.06,-0.015091560
51.08,-0.000713790
51.10,0.010910789
51.12,0.010095029
51.14,0.004894560
51.16,0.000305910
51.18,-0.007035930
51.20,-0.010910789
51.22,-0.001529550
51.24,0.007035930
51.26,0.014071860
51.28,0.006831990
51.30,0.002039400
51.32,0.003568950
51.34,0.009177300
51.36,0.008769420
51.38,0.005302440
51.40,0.002447280
51.42,0.001631520
51.44,0.001325610
51.46,-0.001121670
51.48,-0.003466980
51.50,-0.006831990
51.52,-0.005506380
51.54,-0.002039400
51.56,0.001427580
51.58,0.004894560
51.60,0.009891090
51.62,0.005914260
51.64,-0.004894560
51.66,-0.012134429
51.68,-0.009687150
51.70,-0.006118200
51.72,-0.002447280
51.74,0.003263040
51.76,0.003874860
51.78,0.001427580
51.80,-0.000101970
51.82,-0.000713790
51.84,0.000611820
51.86,0.001019700
51.88,0.002447280
51.90,0.001325610
51.92,0.000407880
51.94,-0.000815760
51.96,-0.002753190
51.98,-0.005608350
52.00,-0.008565479
52.02,-0.009483210
52.04,-0.006220170
52.06,-0.003670920
52.08,-0.000203940
52.10,0.003365010
52.12,0.003772890
52.14,-0.001427580
52.16,-0.004588650
52.18,-0.010502910
52.20,-0.007851690
52.22,-0.002345310
52.24,0.003161070
52.26,0.004180770
52.28,0.002651220
52.30,0.001325610
52.32,0.001529550
52.34,0.006220170
52.36,0.007443810
52.38,0.007545780
52.40,0.007749720
52.42,0.007443810
52.44,0.007239870
52.46,0.005812290
52.48,0.003874860
52.50,0.002141370
52.52,-0.000203940
52.54,-0.003365010
52.56,-0.006526080
52.58,-0.006933960
52.60,-0.005200470
52.62,-0.005506380
52.64,-0.005506380
52.66,-0.005812290
52.68,-0.003365010
52.70,0.000000000
52.72,0.003365010
52.74,0.007137900
52.76,0.009789120
52.78,0.008667450
52.80,0.008157600
52.82,0.006933960
52.84,0.007647750
52.86,0.007851690
52.88,0.008667450
52.90,0.006220170
52.92,0.003772890
52.94,0.000713790
52.96,-0.000101970
52.98,0.000407880
53.00,0.000509850
53.02,-0.001019700
53.04,-0.002957130
53.06,-0.004690620
53.08,-0.007035930
53.10,-0.006628050
53.12,-0.004486680
53.14,-0.002855160
53.16,-0.000713790
53.18,-0.002345310
53.20,-0.003365010
53.22,-0.005200470
53.24,-0.006118200
53.26,-0.005710320
53.28,-0.005506380
53.30,-0.005098500
53.32,-0.006730020
53.34,-0.009279270
53.36,-0.011624579
53.38,-0.014275800
53.40,-0.014071860
53.42,-0.014275800
53.44,-0.012338370
53.46,-0.009789120
53.48,-0.007545780
53.50,-0.004690620
53.52,-0.003466980
53.54,-0.004282740
53.56,-0.004588650
53.58,-0.005608350
53.60,-0.006424110
53.62,-0.007341840
53.64,-0.008157600
53.66,-0.007443810
53.68,-0.005302440
53.70,-0.003772890
53.72,-0.002651220
53.74,-0.001427580
